{
    "loss": 2.428910970687866,
    "acc": 0.948051948051948,
    "f1": 0.9444444444444445,
    "auc": 0.9878378378378379
}